{
    "101G": {
        "channels": [
            512,
            512,
            512,
            512,
            512,
            512,
            512,
            512,
            512,
            512,
            256,
            256,
            128,
            96,
            32,
            64,
            8,
            8
        ],
        "dist": 0.018971815176882956,
        "res": 1024,
        "macs": 100727199733
    },
    "116G": {
        "channels": [
            512,
            512,
            512,
            512,
            512,
            512,
            512,
            512,
            512,
            512,
            256,
            256,
            128,
            128,
            48,
            64,
            8,
            16
        ],
        "dist": 0.010871491945181333,
        "res": 1024,
        "macs": 113552583589
    },
    "15G": {
        "channels": [
            512,
            512,
            512,
            512,
            512,
            512,
            384,
            384,
            128,
            256,
            64,
            64,
            32,
            128,
            16,
            32,
            16,
            8
        ],
        "dist": 0.1544400227285223,
        "res": 256,
        "macs": 14901895481
    },
    "18G": {
        "channels": [
            512,
            512,
            512,
            512,
            512,
            512,
            512,
            384,
            256,
            256,
            64,
            64,
            32,
            64,
            32,
            48,
            32,
            24
        ],
        "dist": 0.14016171568800928,
        "res": 256,
        "macs": 17865820089
    },
    "24G": {
        "channels": [
            512,
            512,
            512,
            512,
            512,
            512,
            384,
            512,
            256,
            256,
            128,
            128,
            32,
            64,
            32,
            16,
            32,
            32
        ],
        "dist": 0.12342591977358097,
        "res": 256,
        "macs": 23972936761
    },
    "29G": {
        "channels": [
            512,
            512,
            512,
            512,
            512,
            512,
            512,
            384,
            384,
            256,
            128,
            128,
            32,
            128,
            16,
            16,
            24,
            16
        ],
        "dist": 0.11607928302692017,
        "res": 256,
        "macs": 27684721337
    },
    "36G": {
        "channels": [
            512,
            512,
            512,
            512,
            512,
            512,
            512,
            512,
            384,
            384,
            128,
            192,
            32,
            64,
            64,
            48,
            16,
            8
        ],
        "dist": 0.10239959021419054,
        "res": 256,
        "macs": 35636003001
    },
    "44G": {
        "channels": [
            512,
            512,
            512,
            512,
            512,
            512,
            512,
            384,
            512,
            384,
            128,
            192,
            64,
            96,
            48,
            64,
            24,
            32
        ],
        "dist": 0.09168553872223129,
        "res": 256,
        "macs": 42964389497
    },
    "58G": {
        "channels": [
            512,
            512,
            512,
            512,
            512,
            512,
            512,
            512,
            384,
            384,
            192,
            192,
            64,
            64,
            32,
            32,
            8,
            16
        ],
        "dist": 0.06994893466253416,
        "res": 1024,
        "macs": 57406441701
    },
    "73G": {
        "channels": [
            512,
            512,
            512,
            512,
            512,
            512,
            512,
            512,
            512,
            512,
            192,
            256,
            64,
            96,
            16,
            48,
            8,
            16
        ],
        "dist": 0.0478266386580799,
        "res": 1024,
        "macs": 72630494597
    },
    "87G": {
        "channels": [
            512,
            512,
            512,
            512,
            512,
            512,
            512,
            512,
            512,
            512,
            256,
            256,
            64,
            96,
            48,
            16,
            16,
            8
        ],
        "dist": 0.03669086178797443,
        "res": 1024,
        "macs": 86257156757
    }
}